{"cameraMode":{"drawMode":0,"name":"Shaded","section":"Shading Mode"},"sceneLighting":true,"audioPlay":false,"sceneViewState":{"showFog":true,"showMaterialUpdate":true,"showSkybox":true,"showFlares":true,"showImageEffects":true,"showParticleSystems":true},"in2DMode":false,"pivot":{"x":561.2830810546875,"y":-376.16241455078127,"z":1120.6734619140625},"rotation":{"x":-0.16307006776332856,"y":-0.009769913740456105,"z":0.0016149060102179647,"w":-0.9865652322769165},"size":1613.6376953125,"orthographic":false}